{
  "users": [
    {
      "userId": "a000",
      "projectId": "BkOvZ4R-X",
      "userName": "Giri Venkat",
      "createdAt": "2018-06-25T09:09:51.559Z",
      "updatedAt": "2018-06-25T09:09:51.559Z"
    },
    {
      "userId": "a5848",
      "projectId": "r1Xfm4Abm",
      "userName": "Sai Prasad Sabeson",
      "createdAt": "2018-06-25T09:16:59.316Z",
      "updatedAt": "2018-06-25T09:16:59.316Z"
    },
    {
      "userId": "a1001",
      "projectId": "HJzCO80W7",
      "userName": "Michaeal Schumacher",
      "createdAt": "2018-06-25T11:58:02.259Z",
      "updatedAt": "2018-06-25T11:58:02.259Z"
    },
    {
      "userId": "a028",
      "projectId": "HkB1-DCWX",
      "userName": "Jennifer Samalis",
      "createdAt": "2018-06-25T12:32:28.897Z",
      "updatedAt": "2018-06-25T12:32:28.897Z"
    },
    {
      "userId": "a0011234",
      "projectId": "Sy8dVAcH7",
      "userName": "Selva",
      "createdAt": "2018-08-10T09:01:34.062Z",
      "updatedAt": "2018-08-10T09:01:34.062Z"
    }
  ]
}