{
  "projects": [
    {
      "template": "project.aepx",
      "composition": "main",
      "assets": [
        {
          "type": "project",
          "name": "project.aepx",
          "src": "/Users/saiprasad/Documents/Workspace/Angular/Tutorials/video-demo/server/assets/fa-video-template-0-1.aepx"
        },
        {
          "type": "script",
          "name": "template-data.js",
          "src": "/Users/saiprasad/Documents/Workspace/Angular/Tutorials/video-demo/server/assets/uploads/a000_uploadFileFld_1529917791445.js"
        }
      ],
      "settings": {
        "outputModule": "Production",
        "outputExt": "mov"
      },
      "actions": [],
      "state": "finished",
      "createdAt": "2018-06-25T09:09:51.545Z",
      "updatedAt": "2018-06-25T09:10:38.533Z",
      "uid": "BkOvZ4R-X",
      "type": "default",
      "errorMessage": null
    },
    {
      "template": "project.aepx",
      "composition": "main",
      "assets": [
        {
          "type": "project",
          "name": "project.aepx",
          "src": "/Users/saiprasad/Documents/Workspace/Angular/Tutorials/video-demo/server/assets/fa-video-template-0-1.aepx"
        },
        {
          "type": "script",
          "name": "template-data.js",
          "src": "/Users/saiprasad/Documents/Workspace/Angular/Tutorials/video-demo/server/assets/uploads/a5848_uploadFileFld_1529918219227.js"
        }
      ],
      "settings": {
        "outputModule": "Production",
        "outputExt": "mov"
      },
      "actions": [],
      "state": "finished",
      "createdAt": "2018-06-25T09:16:59.313Z",
      "updatedAt": "2018-06-25T09:19:30.650Z",
      "uid": "r1Xfm4Abm",
      "type": "default",
      "errorMessage": null
    },
    {
      "template": "project.aepx",
      "composition": "main",
      "assets": [
        {
          "type": "project",
          "name": "project.aepx",
          "src": "/Users/saiprasad/Documents/Workspace/Angular/Tutorials/video-demo/server/assets/fa-video-template-0-1.aepx"
        },
        {
          "type": "script",
          "name": "template-data.js",
          "src": "/Users/saiprasad/Documents/Workspace/Angular/Tutorials/video-demo/server/assets/uploads/a1001_uploadFileFld_1529927882205.js"
        }
      ],
      "settings": {
        "outputModule": "Production",
        "outputExt": "mov"
      },
      "actions": [],
      "state": "finished",
      "createdAt": "2018-06-25T11:58:02.257Z",
      "updatedAt": "2018-06-25T11:59:23.792Z",
      "uid": "HJzCO80W7",
      "type": "default",
      "errorMessage": null
    },
    {
      "template": "project.aepx",
      "composition": "main",
      "assets": [
        {
          "type": "project",
          "name": "project.aepx",
          "src": "/Users/saiprasad/Documents/Workspace/Angular/Tutorials/video-demo/server/assets/fa-video-template-0-1.aepx"
        },
        {
          "type": "script",
          "name": "template-data.js",
          "src": "/Users/saiprasad/Documents/Workspace/Angular/Tutorials/video-demo/server/assets/uploads/a028_uploadFileFld_1529929948713.js"
        }
      ],
      "settings": {
        "outputModule": "Production",
        "outputExt": "mov"
      },
      "actions": [],
      "state": "finished",
      "createdAt": "2018-06-25T12:32:28.864Z",
      "updatedAt": "2018-06-25T12:33:39.062Z",
      "uid": "HkB1-DCWX",
      "type": "default",
      "errorMessage": null
    },
    {
      "template": "project.aepx",
      "composition": "main",
      "assets": [
        {
          "type": "project",
          "name": "project.aepx",
          "src": "/Users/saiprasad/Documents/Workspace/Angular/Tutorials/video-demo/server/assets/fa-video-template-0-1.aepx"
        },
        {
          "type": "script",
          "name": "template-data.js",
          "src": "/Users/saiprasad/Documents/Workspace/Angular/Tutorials/video-demo/server/assets/uploads/a0011234_uploadFileFld_1533891693610.js"
        }
      ],
      "settings": {
        "outputModule": "Production",
        "outputExt": "mov"
      },
      "actions": [],
      "state": "failed",
      "createdAt": "2018-08-10T09:01:33.940Z",
      "updatedAt": "2018-08-10T09:03:46.726Z",
      "uid": "Sy8dVAcH7",
      "type": "default",
      "errorMessage": "ENOENT: no such file or directory, stat 'temp/Sy8dVAcH7/result.mov'"
    }
  ]
}